Workbook

Sheet 产能评估
A1: 专线产能评估：供应商要求 4万只/月
A3: 口径 | B3: 全部品类(只) | C3: 全部品类(件) | D3: 仅灯具(只) | E3: 达成率(全部只数) | F3: 缺口(全部只数)
A4: 2024 月均 | B4: =AVERAGE(月度汇总!D5:D16) -> 13334.083 | C4: =AVERAGE(月度汇总!C5:C16) -> 12136.167 | D4: =AVERAGE(月度汇总!M5:M16) -> 11501.75 | E4: =B4/月度汇总!$B$2 -> 0.33335208 | F4: =MAX(0,月度汇总!$B$2-B4) -> 26665.917
A5: 2025 月均 | B5: =AVERAGE(月度汇总!D17:D28) -> 24105.167 | C5: =AVERAGE(月度汇总!C17:C28) -> 20074.167 | D5: =AVERAGE(月度汇总!M17:M28) -> 16242.583 | E5: =B5/月度汇总!$B$2 -> 0.60262917 | F5: =MAX(0,月度汇总!$B$2-B5) -> 15894.833
A6: 2025 上半年月均 | B6: =AVERAGE(月度汇总!D17:D22) -> 13951.167 | C6: =AVERAGE(月度汇总!C17:C22) -> 13214.833 | D6: =AVERAGE(月度汇总!M17:M22) -> 4700.1667 | E6: =B6/月度汇总!$B$2 -> 0.34877917 | F6: =MAX(0,月度汇总!$B$2-B6) -> 26048.833
A7: 2025 下半年月均 | B7: =AVERAGE(月度汇总!D23:D28) -> 34259.167 | C7: =AVERAGE(月度汇总!C23:C28) -> 26933.5 | D7: =AVERAGE(月度汇总!M23:M28) -> 27785 | E7: =B7/月度汇总!$B$2 -> 0.85647917 | F7: =MAX(0,月度汇总!$B$2-B7) -> 5740.8333
A8: 近12个月月均(25-02~26-01) | B8: =AVERAGE(月度汇总!D18:D29) -> 25672.167 | C8: =AVERAGE(月度汇总!C18:C29) -> 21316.167 | D8: =AVERAGE(月度汇总!M18:M29) -> 16606.083 | E8: =B8/月度汇总!$B$2 -> 0.64180417 | F8: =MAX(0,月度汇总!$B$2-B8) -> 14327.833
A9: 近6个月月均(25-08~26-01) | B9: =AVERAGE(月度汇总!D24:D29) -> 35843.167 | C9: =AVERAGE(月度汇总!C24:C29) -> 28287.833 | D9: =AVERAGE(月度汇总!M24:M29) -> 27758.667 | E9: =B9/月度汇总!$B$2 -> 0.89607917 | F9: =MAX(0,月度汇总!$B$2-B9) -> 4156.8333
A10: 近3个月月均(25-11~26-01) | B10: =AVERAGE(月度汇总!D27:D29) -> 41196.667 | C10: =AVERAGE(月度汇总!C27:C29) -> 32856 | D10: =AVERAGE(月度汇总!M27:M29) -> 31588 | E10: =B10/月度汇总!$B$2 -> 1.0299167 | F10: =MAX(0,月度汇总!$B$2-B10) -> 0
A11: 历史峰值月 | B11: =MAX(月度汇总!D5:D29) -> 50787 | C11: =MAX(月度汇总!C5:C29) -> 40422 | D11: =MAX(月度汇总!M5:M29) -> 43385 | E11: =B11/月度汇总!$B$2 -> 1.269675 | F11: =MAX(0,月度汇总!$B$2-B11) -> 0
A13: 情景测算：2026 年要达到月均 4万只，需要的增长
A14: 2025 全年只数 | B14: =SUM(月度汇总!D17:D28) -> 289262
A15: 全年 4万只/月 = | B15: =月度汇总!B2*12 -> 480000
A16: 2026 需同比增长 | B16: =B15/B14-1 -> 0.65939529
A17: 2025 实际同比增长(只) | B17: =年度汇总!J3 -> 0.80778581
A18: 若 2026 保持 2025 增速，预计月均(只) | B18: =B14*(1+B17)/12 -> 43576.978
A19: 2026-01 单月同比(只) | B19: =年度汇总!J6 -> 1.7227668
A21: 结论
A22: 1. 按 2025 全年口径，月均约 2.4 万只（2.0 万件），只有 4 万只的约 60%，全年平均还撑不起专线；过去 25 个月里只有 3 个月达到 4 万只（2025-02、2025-11、2025-12）。
A23: 2. 下单季节性很强：Q4 是旺季（2024-11/12、2025-11/12），上半年明显偏低（2025-03 只有 3.5 千只）。2025-02 的高点主要来自一笔 3.2 万套风扇备货，不能当成常态。
A24: 3. 增长很快：2025 年只数同比增长约 81%，下半年月均约 3.4 万只，近 3 个月月均约 4.1 万只，已经接近门槛。
A25: 4. 从 2025 全年 28.9 万只到 48 万只/年，2026 需要再增长约 66%；如果能保持 2025 的增速，2026 月均有望达到约 4.4 万只，刚好过线。
A26: 5. 谈判建议：(a) 以「全年承诺量 48 万只」代替「每月硬性 4 万只」，允许按季节调整，淡季提前备货旺季的量；(b) 把灯具以外的品类（风扇、测试仪、转换器、逆变器）也算进承诺量；(c) 先签 6 个月阶梯协议，比如淡季 3 万、旺季 5 万。
A27: 6. 注意：本表统计的是采购下单量，不是实际销量；下单受备货节奏影响，波动比销量大。建议再拿领星/亚马逊的月销量交叉验证一次。

Sheet 月度汇总
A1: 佛山市蔚蓝光电科技有限公司 · 月度下单汇总（剔除已作废单，按下单时间）
A2: 产能门槛（只/月） | B2: 40000
A4: 月份 | B4: 采购单数 | C4: 下单量(件/SKU) | D4: 折算只数 | E4: 采购金额(¥) | F4: 环比(件) | G4: 同比(件) | H4: 环比(只) | I4: 同比(只) | J4: 近3月均值(只) | K4: 达成门槛%(只) | L4: 其中灯具(件) | M4: 灯具折算只数
A5: 2024-01 | B5: 3 | C5: 5890 | D5: 5890 | E5: 176895 | K5: =D5/$B$2 -> 0.14725 | L5: 4925 | M5: 4925
A6: 2024-02 | B6: 1 | C6: 7241 | D6: 7241 | E6: 307245 | F6: =IF(C5=0,"",C6/C5-1) -> 0.22937182 | H6: =IF(D5=0,"",D6/D5-1) -> 0.22937182 | K6: =D6/$B$2 -> 0.181025 | L6: 6641 | M6: 6641
A7: 2024-03 | B7: 5 | C7: 4330 | D7: 4330 | E7: 167625 | F7: =IF(C6=0,"",C7/C6-1) -> -0.4020163 | H7: =IF(D6=0,"",D7/D6-1) -> -0.4020163 | J7: =AVERAGE(D5:D7) -> 5820.3333 | K7: =D7/$B$2 -> 0.10825 | L7: 1815 | M7: 1815
A8: 2024-04 | B8: 4 | C8: 4290 | D8: 4290 | E8: 132445 | F8: =IF(C7=0,"",C8/C7-1) -> -0.0092378753 | H8: =IF(D7=0,"",D8/D7-1) -> -0.0092378753 | J8: =AVERAGE(D6:D8) -> 5287 | K8: =D8/$B$2 -> 0.10725 | L8: 2615 | M8: 2615
A9: 2024-05 | B9: 7 | C9: 5314 | D9: 5314 | E9: 209263 | F9: =IF(C8=0,"",C9/C8-1) -> 0.23869464 | H9: =IF(D8=0,"",D9/D8-1) -> 0.23869464 | J9: =AVERAGE(D7:D9) -> 4644.6667 | K9: =D9/$B$2 -> 0.13285 | L9: 1259 | M9: 1259
A10: 2024-06 | B10: 6 | C10: 2798 | D10: 2798 | E10: 77496.5 | F10: =IF(C9=0,"",C10/C9-1) -> -0.47346632 | H10: =IF(D9=0,"",D10/D9-1) -> -0.47346632 | J10: =AVERAGE(D8:D10) -> 4134 | K10: =D10/$B$2 -> 0.06995 | L10: 1168 | M10: 1168
A11: 2024-07 | B11: 8 | C11: 19118 | D11: 19593 | E11: 704225 | F11: =IF(C10=0,"",C11/C10-1) -> 5.8327377 | H11: =IF(D10=0,"",D11/D10-1) -> 6.0025018 | J11: =AVERAGE(D9:D11) -> 9235 | K11: =D11/$B$2 -> 0.489825 | L11: 13938 | M11: 14413
A12: 2024-08 | B12: 6 | C12: 9885 | D12: 10735 | E12: 332068.5 | F12: =IF(C11=0,"",C12/C11-1) -> -0.48294801 | H12: =IF(D11=0,"",D12/D11-1) -> -0.45210024 | J12: =AVERAGE(D10:D12) -> 11042 | K12: =D12/$B$2 -> 0.268375 | L12: 8847 | M12: 9697
A13: 2024-09 | B13: 7 | C13: 13545 | D13: 16375 | E13: 453242.5 | F13: =IF(C12=0,"",C13/C12-1) -> 0.37025797 | H13: =IF(D12=0,"",D13/D12-1) -> 0.52538426 | J13: =AVERAGE(D11:D13) -> 15567.667 | K13: =D13/$B$2 -> 0.409375 | L13: 13465 | M13: 16295
A14: 2024-10 | B14: 7 | C14: 13288 | D14: 14918 | E14: 399474 | F14: =IF(C13=0,"",C14/C13-1) -> -0.018973791 | H14: =IF(D13=0,"",D14/D13-1) -> -0.088977099 | J14: =AVERAGE(D12:D14) -> 14009.333 | K14: =D14/$B$2 -> 0.37295 | L14: 11288 | M14: 12918
A15: 2024-11 | B15: 7 | C15: 28325 | D15: 31365 | E15: 918237.5 | F15: =IF(C14=0,"",C15/C14-1) -> 1.1316225 | H15: =IF(D14=0,"",D15/D14-1) -> 1.1024936 | J15: =AVERAGE(D13:D15) -> 20886 | K15: =D15/$B$2 -> 0.784125 | L15: 28325 | M15: 31365
A16: 2024-12 | B16: 6 | C16: 31610 | D16: 37160 | E16: 1050392.5 | F16: =IF(C15=0,"",C16/C15-1) -> 0.11597529 | H16: =IF(D15=0,"",D16/D15-1) -> 0.18476008 | J16: =AVERAGE(D14:D16) -> 27814.333 | K16: =D16/$B$2 -> 0.929 | L16: 29360 | M16: 34910
A17: 2025-01 | B17: 3 | C17: 10307 | D17: 10915 | E17: 364747 | F17: =IF(C16=0,"",C17/C16-1) -> -0.6739323 | G17: =IF(C5=0,"",C17/C5-1) -> 0.74991511 | H17: =IF(D16=0,"",D17/D16-1) -> -0.70627018 | I17: =IF(D5=0,"",D17/D5-1) -> 0.85314092 | J17: =AVERAGE(D15:D17) -> 26480 | K17: =D17/$B$2 -> 0.272875 | L17: 7987 | M17: 8595
A18: 2025-02 | B18: 8 | C18: 40422 | D18: 40986 | E18: 1636099 | F18: =IF(C17=0,"",C18/C17-1) -> 2.9218007 | G18: =IF(C6=0,"",C18/C6-1) -> 4.5823781 | H18: =IF(D17=0,"",D18/D17-1) -> 2.755016 | I18: =IF(D6=0,"",D18/D6-1) -> 4.6602679 | J18: =AVERAGE(D16:D18) -> 29687 | K18: =D18/$B$2 -> 1.02465 | L18: 5172 | M18: 5736
A19: 2025-03 | B19: 3 | C19: 3062 | D19: 3502 | E19: 99950 | F19: =IF(C18=0,"",C19/C18-1) -> -0.92424917 | G19: =IF(C7=0,"",C19/C7-1) -> -0.29284065 | H19: =IF(D18=0,"",D19/D18-1) -> -0.91455619 | I19: =IF(D7=0,"",D19/D7-1) -> -0.19122402 | J19: =AVERAGE(D17:D19) -> 18467.667 | K19: =D19/$B$2 -> 0.08755 | L19: 1292 | M19: 1732
A20: 2025-04 | B20: 6 | C20: 8634 | D20: 9390 | E20: 181156.5 | F20: =IF(C19=0,"",C20/C19-1) -> 1.8197257 | G20: =IF(C8=0,"",C20/C8-1) -> 1.0125874 | H20: =IF(D19=0,"",D20/D19-1) -> 1.681325 | I20: =IF(D8=0,"",D20/D8-1) -> 1.1888112 | J20: =AVERAGE(D18:D20) -> 17959.333 | K20: =D20/$B$2 -> 0.23475 | L20: 3174 | M20: 3930
A21: 2025-05 | B21: 6 | C21: 7944 | D21: 9234 | E21: 176593.5 | F21: =IF(C20=0,"",C21/C20-1) -> -0.079916609 | G21: =IF(C9=0,"",C21/C9-1) -> 0.49491908 | H21: =IF(D20=0,"",D21/D20-1) -> -0.016613419 | I21: =IF(D9=0,"",D21/D9-1) -> 0.73767407 | J21: =AVERAGE(D19:D21) -> 7375.3333 | K21: =D21/$B$2 -> 0.23085 | L21: 3612 | M21: 4146
A22: 2025-06 | B22: 5 | C22: 8920 | D22: 9680 | E22: 180284 | F22: =IF(C21=0,"",C22/C21-1) -> 0.12286002 | G22: =IF(C10=0,"",C22/C10-1) -> 2.1879914 | H22: =IF(D21=0,"",D22/D21-1) -> 0.048299762 | I22: =IF(D10=0,"",D22/D10-1) -> 2.459614 | J22: =AVERAGE(D20:D22) -> 9434.6667 | K22: =D22/$B$2 -> 0.242 | L22: 3302 | M22: 4062
A23: 2025-07 | B23: 6 | C23: 17085 | D23: 20215 | E23: 471308.5 | F23: =IF(C22=0,"",C23/C22-1) -> 0.91535874 | G23: =IF(C11=0,"",C23/C11-1) -> -0.10633958 | H23: =IF(D22=0,"",D23/D22-1) -> 1.0883264 | I23: =IF(D11=0,"",D23/D11-1) -> 0.031746032 | J23: =AVERAGE(D21:D23) -> 13043 | K23: =D23/$B$2 -> 0.505375 | L23: 9985 | M23: 13115
A24: 2025-08 | B24: 9 | C24: 28872 | D24: 34046 | E24: 788178 | F24: =IF(C23=0,"",C24/C23-1) -> 0.68990342 | G24: =IF(C12=0,"",C24/C12-1) -> 1.9207891 | H24: =IF(D23=0,"",D24/D23-1) -> 0.6841949 | I24: =IF(D12=0,"",D24/D12-1) -> 2.1714951 | J24: =AVERAGE(D22:D24) -> 21313.667 | K24: =D24/$B$2 -> 0.85115 | L24: 18950 | M24: 24124
A25: 2025-09 | B25: 10 | C25: 18652 | D25: 26262 | E25: 645460.5 | F25: =IF(C24=0,"",C25/C24-1) -> -0.35397617 | G25: =IF(C13=0,"",C25/C13-1) -> 0.3770395 | H25: =IF(D24=0,"",D25/D24-1) -> -0.22863185 | I25: =IF(D13=0,"",D25/D13-1) -> 0.60378626 | J25: =AVERAGE(D23:D25) -> 26841 | K25: =D25/$B$2 -> 0.65655 | L25: 15080 | M25: 22582
A26: 2025-10 | B26: 7 | C26: 23635 | D26: 31161 | E26: 818912 | F26: =IF(C25=0,"",C26/C25-1) -> 0.26715634 | G26: =IF(C14=0,"",C26/C14-1) -> 0.77867249 | H26: =IF(D25=0,"",D26/D25-1) -> 0.18654329 | I26: =IF(D14=0,"",D26/D14-1) -> 1.0888189 | J26: =AVERAGE(D24:D26) -> 30489.667 | K26: =D26/$B$2 -> 0.779025 | L26: 17862 | M26: 25082
A27: 2025-11 | B27: 5 | C27: 39597 | D27: 50787 | E27: 1326257.5 | F27: =IF(C26=0,"",C27/C26-1) -> 0.67535435 | G27: =IF(C15=0,"",C27/C15-1) -> 0.39795234 | H27: =IF(D26=0,"",D27/D26-1) -> 0.62982574 | I27: =IF(D15=0,"",D27/D15-1) -> 0.61922525 | J27: =AVERAGE(D25:D27) -> 36070 | K27: =D27/$B$2 -> 1.269675 | L27: 32195 | M27: 43385
A28: 2025-12 | B28: 8 | C28: 33760 | D28: 43084 | E28: 1170229.5 | F28: =IF(C27=0,"",C28/C27-1) -> -0.14741016 | G28: =IF(C16=0,"",C28/C16-1) -> 0.06801645 | H28: =IF(D27=0,"",D28/D27-1) -> -0.15167267 | I28: =IF(D16=0,"",D28/D16-1) -> 0.15941873 | J28: =AVERAGE(D26:D28) -> 41677.333 | K28: =D28/$B$2 -> 1.0771 | L28: 29098 | M28: 38422
A29: 2026-01 | B29: 3 | C29: 25211 | D29: 29719 | E29: 1009887 | F29: =IF(C28=0,"",C29/C28-1) -> -0.25322867 | G29: =IF(C17=0,"",C29/C17-1) -> 1.4460076 | H29: =IF(D28=0,"",D29/D28-1) -> -0.31020797 | I29: =IF(D17=0,"",D29/D17-1) -> 1.7227668 | J29: =AVERAGE(D27:D29) -> 41196.667 | K29: =D29/$B$2 -> 0.742975 | L29: 8449 | M29: 12957
A31: 说明：折算只数=下单件数×品名中的"N个装/N件装"（如2个装=2只），其余按1只计；"6+1灯板车库灯"按1套=1只。
A32: 2026年仅有1月数据；同比需前一年同月，因此2024年无同比。

Sheet 年度汇总
A1: 年份 | B1: 月份数 | C1: 采购单数 | D1: 下单量(件) | E1: 折算只数 | F1: 采购金额(¥) | G1: 月均(件) | H1: 月均(只) | I1: 同比(件) | J1: 同比(只) | K1: 同比(金额) | L1: ≥4万只的月数 | M1: 峰值月(只)
A2: 2024 | B2: 12 | C2: =SUM(月度汇总!B5:B16) -> 67 | D2: =SUM(月度汇总!C5:C16) -> 145634 | E2: =SUM(月度汇总!D5:D16) -> 160009 | F2: =SUM(月度汇总!E5:E16) -> 4928609.5 | G2: =D2/B2 -> 12136.167 | H2: =E2/B2 -> 13334.083 | L2: =COUNTIF(月度汇总!D5:D16,">="&月度汇总!$B$2) -> 0 | M2: =MAX(月度汇总!D5:D16) -> 37160
A3: 2025 | B3: 12 | C3: =SUM(月度汇总!B17:B28) -> 76 | D3: =SUM(月度汇总!C17:C28) -> 240890 | E3: =SUM(月度汇总!D17:D28) -> 289262 | F3: =SUM(月度汇总!E17:E28) -> 7859176 | G3: =D3/B3 -> 20074.167 | H3: =E3/B3 -> 24105.167 | I3: =D3/D2-1 -> 0.65407803 | J3: =E3/E2-1 -> 0.80778581 | K3: =F3/F2-1 -> 0.5946031 | L3: =COUNTIF(月度汇总!D17:D28,">="&月度汇总!$B$2) -> 3 | M3: =MAX(月度汇总!D17:D28) -> 50787
A4: 2026(仅1月) | B4: 1 | C4: =SUM(月度汇总!B29:B29) -> 3 | D4: =SUM(月度汇总!C29:C29) -> 25211 | E4: =SUM(月度汇总!D29:D29) -> 29719 | F4: =SUM(月度汇总!E29:E29) -> 1009887 | G4: =D4/B4 -> 25211 | H4: =E4/B4 -> 29719 | L4: =COUNTIF(月度汇总!D29:D29,">="&月度汇总!$B$2) -> 0 | M4: =MAX(月度汇总!D29:D29) -> 29719
A5: 2026年1月 vs 2025年1月 同比（件） | I5: =月度汇总!C29/月度汇总!C17-1 -> 1.4460076
A6: 2026年1月 vs 2025年1月 同比（只） | J6: =月度汇总!D29/月度汇总!D17-1 -> 1.7227668

Sheet 品类月度(件)
A1: 月份 | B1: 灯具 | C1: 风扇 | D1: 防辐射测试仪 | E1: 锂电池转换器 | F1: 电源逆变器 | G1: 水泵 | H1: DIY配件 | I1: 合计
A2: 2024-01 | B2: 4925 | C2: 0 | D2: 0 | E2: 965 | F2: 0 | G2: 0 | H2: 0 | I2: =SUM(B2:H2) -> 5890
A3: 2024-02 | B3: 6641 | C3: 0 | D3: 0 | E3: 600 | F3: 0 | G3: 0 | H3: 0 | I3: =SUM(B3:H3) -> 7241
A4: 2024-03 | B4: 1815 | C4: 2000 | D4: 0 | E4: 515 | F4: 0 | G4: 0 | H4: 0 | I4: =SUM(B4:H4) -> 4330
A5: 2024-04 | B5: 2615 | C5: 0 | D5: 0 | E5: 1675 | F5: 0 | G5: 0 | H5: 0 | I5: =SUM(B5:H5) -> 4290
A6: 2024-05 | B6: 1259 | C6: 3000 | D6: 0 | E6: 1055 | F6: 0 | G6: 0 | H6: 0 | I6: =SUM(B6:H6) -> 5314
A7: 2024-06 | B7: 1168 | C7: 0 | D7: 0 | E7: 1630 | F7: 0 | G7: 0 | H7: 0 | I7: =SUM(B7:H7) -> 2798
A8: 2024-07 | B8: 13938 | C8: 2260 | D8: 0 | E8: 2920 | F8: 0 | G8: 0 | H8: 0 | I8: =SUM(B8:H8) -> 19118
A9: 2024-08 | B9: 8847 | C9: 38 | D9: 0 | E9: 1000 | F9: 0 | G9: 0 | H9: 0 | I9: =SUM(B9:H9) -> 9885
A10: 2024-09 | B10: 13465 | C10: 0 | D10: 0 | E10: 80 | F10: 0 | G10: 0 | H10: 0 | I10: =SUM(B10:H10) -> 13545
A11: 2024-10 | B11: 11288 | C11: 0 | D11: 0 | E11: 2000 | F11: 0 | G11: 0 | H11: 0 | I11: =SUM(B11:H11) -> 13288
A12: 2024-11 | B12: 28325 | C12: 0 | D12: 0 | E12: 0 | F12: 0 | G12: 0 | H12: 0 | I12: =SUM(B12:H12) -> 28325
A13: 2024-12 | B13: 29360 | C13: 0 | D13: 1150 | E13: 1100 | F13: 0 | G13: 0 | H13: 0 | I13: =SUM(B13:H13) -> 31610
... A26: 2026-01 | B26: 8449 | C26: 14712 | D26: 1200 | E26: 850 | F26: 0 | G26: 0 | H26: 0 | I26: =SUM(B26:H26) -> 25211

Sheet SKU排行
A1: SKU | B1: 品名 | C1: 品类 | D1: 下单量(件) | E1: 折算只数 | F1: 采购金额(¥) | G1: 只数占比
A2: SKU046490001 | B2: 1个 DD Y 黑色 磁场防辐射测试仪表检测器（入库前检查：需要纸质包装盒+带说明书 中性 不带K-II和USA） | C2: 防辐射测试仪 | D2: 33460 | E2: 33460 | F2: 501900 | G2: 0.069855321
A3: SKU067490007 | B3: 2个装 薄款 黄色底座 双开关 得伟20V方形16珠29W工作灯带提手（贴MtiolHig） | C3: 灯具 | D3: 12552 | E3: 25104 | F3: 568680 | G3: 0.05241028
A4: SKU067490008 | B4: 2个装 薄款 红色底座 双开关米沃奇18V方形16珠29W工作灯带提手（贴MtiolHig） | C4: 灯具 | D4: 11732 | E4: 23464 | F4: 529940 | G4: 0.048986409
A5: SKU067170001 | B5: 1个 模具款 得伟转米沃奇 工具电池转接器（配彩盒，英文说明书，贴aikeec） | C5: 锂电池转换器 | D5: 22545 | E5: 22545 | F5: 331730 | G5: 0.047067788
A6: SKU067610001 | B6: 1套 薄款 红色底座 双开关 米沃奇7寸29W工作灯带提手（贴Ecarke） | C6: 灯具 | D6: 18892 | E6: 18892 | F6: 591132 | G6: 0.039441324
A7: SKU067510002 | B7: 1套 薄款 黄色底座 双开关 得伟20V方形16珠21W工作灯带提手（贴Livowalny） | C7: 灯具 | D7: 16275 | E7: 16275 | F7: 382087.5 | G7: 0.033977745
A8: SKU067600002 | B8: 1套 薄款 黄色底座 双开关 得伟7寸29W工作灯带提手（贴Livowalny） | C8: 灯具 | D8: 15072 | E8: 15072 | F8: 479859 | G8: 0.03146621
A9: SKU067510004 | B9: 2个装 薄款 黄色底座 双开关 得伟20V方形16珠21W工作灯带提手（贴Livowalny） | C9: 灯具 | D9: 6492 | E9: 12984 | F9: 299748 | G9: 0.027107038
A10: SKU067510001 | B10: 1套 薄款 黄色底座 双开关 得伟20V方形16珠21W工作灯带提手（贴Ecarke） | C10: 灯具 | D10: 12210 | E10: 12210 | F10: 281895 | G10: 0.025491138
A11: SKU067520004 | B11: 2个装 薄款 红色底座 双开关 米沃奇18V方形16珠21W工作灯带提手（贴Livowalny） | C11: 灯具 | D11: 5418 | E11: 10836 | F11: 250290 | G11: 0.022622602
A12: SKU067120001 | B12: 1个 双开关 6寸 金属外壳 米沃奇M18 18v风扇（两档调节）贴Ecarke-加提手 | C12: 风扇 | D12: 9408 | E12: 9408 | F12: 417456 | G12: 0.019641329
A13: SKU067520002 | B13: 1套 薄款 红色底座 双开关 米沃奇18V方形16珠21W工作灯带提手（贴Livowalny） | C13: 灯具 | D13: 9205 | E13: 9205 | F13: 213282.5 | G13: 0.01921752
... A244: SKU0701110009 | B244: 单品-红色米沃奇底座-DIYTOOLIFZ（USB和Type-C） | C244: 水泵 | D244: 13 | E244: 13 | F244: 104 | G244: 2.7140441e-05
